num_cands,num_voters,pm,vm,num_profiles,perc_mult_winners
5,"(4, 5)",IC,Split Cycle,50000,0.39588
5,"(4, 5)",IC,Beat Path,50000,0.39548
5,"(4, 5)",IC,Copeland,50000,0.19318
5,"(4, 5)",IC,GETCHA,50000,0.45912
5,"(4, 5)",IC,Uncovered Set,50000,0.45912
5,"(10, 11)",IC,Split Cycle,50000,0.30078
5,"(10, 11)",IC,Beat Path,50000,0.28648
5,"(10, 11)",IC,Copeland,50000,0.19072
5,"(10, 11)",IC,GETCHA,50000,0.41762
5,"(10, 11)",IC,Uncovered Set,50000,0.41762
5,"(20, 21)",IC,Split Cycle,50000,0.23872
5,"(20, 21)",IC,Beat Path,50000,0.2182
5,"(20, 21)",IC,Copeland,50000,0.18654
5,"(20, 21)",IC,GETCHA,50000,0.38434
5,"(20, 21)",IC,Uncovered Set,50000,0.38434
5,"(50, 51)",IC,Split Cycle,50000,0.1704
5,"(50, 51)",IC,Beat Path,50000,0.14372
5,"(50, 51)",IC,Copeland,50000,0.1884
5,"(50, 51)",IC,GETCHA,50000,0.34196
5,"(50, 51)",IC,Uncovered Set,50000,0.34196
5,"(100, 101)",IC,Split Cycle,50000,0.13398
5,"(100, 101)",IC,Beat Path,50000,0.10536
5,"(100, 101)",IC,Copeland,50000,0.19412
5,"(100, 101)",IC,GETCHA,50000,0.31888
5,"(100, 101)",IC,Uncovered Set,50000,0.31888
5,"(500, 501)",IC,Split Cycle,50000,0.07878
5,"(500, 501)",IC,Beat Path,50000,0.04808
5,"(500, 501)",IC,Copeland,50000,0.20676
5,"(500, 501)",IC,GETCHA,50000,0.2872
5,"(500, 501)",IC,Uncovered Set,50000,0.2872
5,"(1000, 1001)",IC,Split Cycle,50000,0.06622
5,"(1000, 1001)",IC,Beat Path,50000,0.03568
5,"(1000, 1001)",IC,Copeland,50000,0.2064
5,"(1000, 1001)",IC,GETCHA,50000,0.27432
5,"(1000, 1001)",IC,Uncovered Set,50000,0.27432
5,"(5000, 5001)",IC,Split Cycle,50000,0.0469
5,"(5000, 5001)",IC,Beat Path,50000,0.01602
5,"(5000, 5001)",IC,Copeland,50000,0.21142
5,"(5000, 5001)",IC,GETCHA,50000,0.2615
5,"(5000, 5001)",IC,Uncovered Set,50000,0.2615
7,"(4, 5)",IC,Split Cycle,50000,0.46494
7,"(4, 5)",IC,Beat Path,50000,0.4627
7,"(4, 5)",IC,Copeland,50000,0.19722
7,"(4, 5)",IC,GETCHA,50000,0.54712
7,"(4, 5)",IC,Uncovered Set,50000,0.54712
7,"(10, 11)",IC,Split Cycle,50000,0.37684
7,"(10, 11)",IC,Beat Path,50000,0.33962
7,"(10, 11)",IC,Copeland,50000,0.19468
7,"(10, 11)",IC,GETCHA,50000,0.52164
7,"(10, 11)",IC,Uncovered Set,50000,0.52164
7,"(20, 21)",IC,Split Cycle,50000,0.31598
7,"(20, 21)",IC,Beat Path,50000,0.26194
7,"(20, 21)",IC,Copeland,50000,0.19694
7,"(20, 21)",IC,GETCHA,50000,0.496
7,"(20, 21)",IC,Uncovered Set,50000,0.496
7,"(50, 51)",IC,Split Cycle,50000,0.2421
7,"(50, 51)",IC,Beat Path,50000,0.17856
7,"(50, 51)",IC,Copeland,50000,0.19994
7,"(50, 51)",IC,GETCHA,50000,0.46074
7,"(50, 51)",IC,Uncovered Set,50000,0.46074
7,"(100, 101)",IC,Split Cycle,50000,0.198
7,"(100, 101)",IC,Beat Path,50000,0.12928
7,"(100, 101)",IC,Copeland,50000,0.20062
7,"(100, 101)",IC,GETCHA,50000,0.43344
7,"(100, 101)",IC,Uncovered Set,50000,0.43344
7,"(500, 501)",IC,Split Cycle,50000,0.13328
7,"(500, 501)",IC,Beat Path,50000,0.06082
7,"(500, 501)",IC,Copeland,50000,0.2158
7,"(500, 501)",IC,GETCHA,50000,0.39922
7,"(500, 501)",IC,Uncovered Set,50000,0.39922
7,"(1000, 1001)",IC,Split Cycle,50000,0.11782
7,"(1000, 1001)",IC,Beat Path,50000,0.04296
7,"(1000, 1001)",IC,Copeland,50000,0.22392
7,"(1000, 1001)",IC,GETCHA,50000,0.39116
7,"(1000, 1001)",IC,Uncovered Set,50000,0.39116
7,"(5000, 5001)",IC,Split Cycle,50000,0.09528
7,"(5000, 5001)",IC,Beat Path,50000,0.02002
7,"(5000, 5001)",IC,Copeland,50000,0.2308
7,"(5000, 5001)",IC,GETCHA,50000,0.38136
7,"(5000, 5001)",IC,Uncovered Set,50000,0.38136
10,"(4, 5)",IC,Split Cycle,50000,0.53684
10,"(4, 5)",IC,Beat Path,50000,0.5288
10,"(4, 5)",IC,Copeland,50000,0.19486
10,"(4, 5)",IC,GETCHA,50000,0.62934
10,"(4, 5)",IC,Uncovered Set,50000,0.62934
10,"(10, 11)",IC,Split Cycle,50000,0.46664
10,"(10, 11)",IC,Beat Path,50000,0.39272
10,"(10, 11)",IC,Copeland,50000,0.19716
10,"(10, 11)",IC,GETCHA,50000,0.62006
10,"(10, 11)",IC,Uncovered Set,50000,0.62006
10,"(20, 21)",IC,Split Cycle,50000,0.40436
10,"(20, 21)",IC,Beat Path,50000,0.3062
10,"(20, 21)",IC,Copeland,50000,0.19524
10,"(20, 21)",IC,GETCHA,50000,0.59876
10,"(20, 21)",IC,Uncovered Set,50000,0.59876
10,"(50, 51)",IC,Split Cycle,50000,0.32928
10,"(50, 51)",IC,Beat Path,50000,0.2112
10,"(50, 51)",IC,Copeland,50000,0.19812
10,"(50, 51)",IC,GETCHA,50000,0.56718
10,"(50, 51)",IC,Uncovered Set,50000,0.56718
10,"(100, 101)",IC,Split Cycle,50000,0.287
10,"(100, 101)",IC,Beat Path,50000,0.1607
10,"(100, 101)",IC,Copeland,50000,0.20224
10,"(100, 101)",IC,GETCHA,50000,0.55304
10,"(100, 101)",IC,Uncovered Set,50000,0.55304
10,"(500, 501)",IC,Split Cycle,50000,0.2131
10,"(500, 501)",IC,Beat Path,50000,0.07446
10,"(500, 501)",IC,Copeland,50000,0.21612
10,"(500, 501)",IC,GETCHA,50000,0.5199
10,"(500, 501)",IC,Uncovered Set,50000,0.5199
10,"(1000, 1001)",IC,Split Cycle,50000,0.1941
10,"(1000, 1001)",IC,Beat Path,50000,0.05252
10,"(1000, 1001)",IC,Copeland,50000,0.22252
10,"(1000, 1001)",IC,GETCHA,50000,0.50864
10,"(1000, 1001)",IC,Uncovered Set,50000,0.50864
10,"(5000, 5001)",IC,Split Cycle,50000,0.1707
10,"(5000, 5001)",IC,Beat Path,50000,0.02414
10,"(5000, 5001)",IC,Copeland,50000,0.23854
10,"(5000, 5001)",IC,GETCHA,50000,0.50444
10,"(5000, 5001)",IC,Uncovered Set,50000,0.50444
20,"(4, 5)",IC,Split Cycle,50000,0.65852
20,"(4, 5)",IC,Beat Path,50000,0.62076
20,"(4, 5)",IC,Copeland,50000,0.17384
20,"(4, 5)",IC,GETCHA,50000,0.7497
20,"(4, 5)",IC,Uncovered Set,50000,0.7497
20,"(10, 11)",IC,Split Cycle,50000,0.63278
20,"(10, 11)",IC,Beat Path,50000,0.47252
20,"(10, 11)",IC,Copeland,50000,0.17562
20,"(10, 11)",IC,GETCHA,50000,0.76472
20,"(10, 11)",IC,Uncovered Set,50000,0.76472
20,"(20, 21)",IC,Split Cycle,50000,0.58098
20,"(20, 21)",IC,Beat Path,50000,0.38358
20,"(20, 21)",IC,Copeland,50000,0.17272
20,"(20, 21)",IC,GETCHA,50000,0.75508
20,"(20, 21)",IC,Uncovered Set,50000,0.75508
20,"(50, 51)",IC,Split Cycle,50000,0.51602
20,"(50, 51)",IC,Beat Path,50000,0.275
20,"(50, 51)",IC,Copeland,50000,0.17572
20,"(50, 51)",IC,GETCHA,50000,0.74026
20,"(50, 51)",IC,Uncovered Set,50000,0.74026
20,"(100, 101)",IC,Split Cycle,50000,0.46818
20,"(100, 101)",IC,Beat Path,50000,0.20558
20,"(100, 101)",IC,Copeland,50000,0.17566
20,"(100, 101)",IC,GETCHA,50000,0.72592
20,"(100, 101)",IC,Uncovered Set,50000,0.72592
20,"(500, 501)",IC,Split Cycle,50000,0.39658
20,"(500, 501)",IC,Beat Path,50000,0.09834
20,"(500, 501)",IC,Copeland,50000,0.18708
20,"(500, 501)",IC,GETCHA,50000,0.70556
20,"(500, 501)",IC,Uncovered Set,50000,0.70556
20,"(1000, 1001)",IC,Split Cycle,50000,0.37426
20,"(1000, 1001)",IC,Beat Path,50000,0.07056
20,"(1000, 1001)",IC,Copeland,50000,0.19588
20,"(1000, 1001)",IC,GETCHA,50000,0.6975
20,"(1000, 1001)",IC,Uncovered Set,50000,0.6975
20,"(5000, 5001)",IC,Split Cycle,50000,0.34958
20,"(5000, 5001)",IC,Beat Path,50000,0.03192
20,"(5000, 5001)",IC,Copeland,50000,0.20728
20,"(5000, 5001)",IC,GETCHA,50000,0.6866
20,"(5000, 5001)",IC,Uncovered Set,50000,0.6866
30,"(4, 5)",IC,Split Cycle,50000,0.72354
30,"(4, 5)",IC,Beat Path,50000,0.65918
30,"(4, 5)",IC,Copeland,50000,0.15896
30,"(4, 5)",IC,GETCHA,50000,0.80434
30,"(4, 5)",IC,Uncovered Set,50000,0.80434
30,"(10, 11)",IC,Split Cycle,50000,0.71088
30,"(10, 11)",IC,Beat Path,50000,0.50186
30,"(10, 11)",IC,Copeland,50000,0.15762
30,"(10, 11)",IC,GETCHA,50000,0.82264
30,"(10, 11)",IC,Uncovered Set,50000,0.82264
30,"(20, 21)",IC,Split Cycle,50000,0.67394
30,"(20, 21)",IC,Beat Path,50000,0.42132
30,"(20, 21)",IC,Copeland,50000,0.15818
30,"(20, 21)",IC,GETCHA,50000,0.82046
30,"(20, 21)",IC,Uncovered Set,50000,0.82046
30,"(50, 51)",IC,Split Cycle,50000,0.61694
30,"(50, 51)",IC,Beat Path,50000,0.30286
30,"(50, 51)",IC,Copeland,50000,0.15962
30,"(50, 51)",IC,GETCHA,50000,0.81216
30,"(50, 51)",IC,Uncovered Set,50000,0.81216
30,"(100, 101)",IC,Split Cycle,50000,0.57564
30,"(100, 101)",IC,Beat Path,50000,0.23
30,"(100, 101)",IC,Copeland,50000,0.16014
30,"(100, 101)",IC,GETCHA,50000,0.80106
30,"(100, 101)",IC,Uncovered Set,50000,0.80106
30,"(500, 501)",IC,Split Cycle,50000,0.50416
30,"(500, 501)",IC,Beat Path,50000,0.11214
30,"(500, 501)",IC,Copeland,50000,0.16746
30,"(500, 501)",IC,GETCHA,50000,0.78322
30,"(500, 501)",IC,Uncovered Set,50000,0.78322
30,"(1000, 1001)",IC,Split Cycle,50000,0.48464
30,"(1000, 1001)",IC,Beat Path,50000,0.08226
30,"(1000, 1001)",IC,Copeland,50000,0.17086
30,"(1000, 1001)",IC,GETCHA,50000,0.77642
30,"(1000, 1001)",IC,Uncovered Set,50000,0.77642
30,"(5000, 5001)",IC,Split Cycle,50000,0.45566
30,"(5000, 5001)",IC,Beat Path,50000,0.0369
30,"(5000, 5001)",IC,Copeland,50000,0.1832
30,"(5000, 5001)",IC,GETCHA,50000,0.77008
30,"(5000, 5001)",IC,Uncovered Set,50000,0.77008
5,"(4, 5)",IAC,Split Cycle,50000,0.3856
5,"(4, 5)",IAC,Beat Path,50000,0.3853
5,"(4, 5)",IAC,Copeland,50000,0.18784
5,"(4, 5)",IAC,GETCHA,50000,0.44942
5,"(4, 5)",IAC,Uncovered Set,50000,0.44942
5,"(10, 11)",IAC,Split Cycle,50000,0.28552
5,"(10, 11)",IAC,Beat Path,50000,0.27106
5,"(10, 11)",IAC,Copeland,50000,0.18372
5,"(10, 11)",IAC,GETCHA,50000,0.40474
5,"(10, 11)",IAC,Uncovered Set,50000,0.40474
5,"(20, 21)",IAC,Split Cycle,50000,0.21988
5,"(20, 21)",IAC,Beat Path,50000,0.19784
5,"(20, 21)",IAC,Copeland,50000,0.18058
5,"(20, 21)",IAC,GETCHA,50000,0.36672
5,"(20, 21)",IAC,Uncovered Set,50000,0.36672
5,"(50, 51)",IAC,Split Cycle,50000,0.15364
5,"(50, 51)",IAC,Beat Path,50000,0.12534
5,"(50, 51)",IAC,Copeland,50000,0.18906
5,"(50, 51)",IAC,GETCHA,50000,0.32804
5,"(50, 51)",IAC,Uncovered Set,50000,0.32804
5,"(100, 101)",IAC,Split Cycle,50000,0.10738
5,"(100, 101)",IAC,Beat Path,50000,0.07762
5,"(100, 101)",IAC,Copeland,50000,0.195
5,"(100, 101)",IAC,GETCHA,50000,0.2998
5,"(100, 101)",IAC,Uncovered Set,50000,0.2998
5,"(500, 501)",IAC,Split Cycle,50000,0.05162
5,"(500, 501)",IAC,Beat Path,50000,0.02144
5,"(500, 501)",IAC,Copeland,50000,0.20892
5,"(500, 501)",IAC,GETCHA,50000,0.26502
5,"(500, 501)",IAC,Uncovered Set,50000,0.26502
5,"(1000, 1001)",IAC,Split Cycle,50000,0.04104
5,"(1000, 1001)",IAC,Beat Path,50000,0.01166
5,"(1000, 1001)",IAC,Copeland,50000,0.2126
5,"(1000, 1001)",IAC,GETCHA,50000,0.25734
5,"(1000, 1001)",IAC,Uncovered Set,50000,0.25734
5,"(5000, 5001)",IAC,Split Cycle,50000,0.03266
5,"(5000, 5001)",IAC,Beat Path,50000,0.0025
5,"(5000, 5001)",IAC,Copeland,50000,0.21494
5,"(5000, 5001)",IAC,GETCHA,50000,0.25002
5,"(5000, 5001)",IAC,Uncovered Set,50000,0.25002
7,"(4, 5)",IAC,Split Cycle,50000,0.4657
7,"(4, 5)",IAC,Beat Path,50000,0.46306
7,"(4, 5)",IAC,Copeland,50000,0.19958
7,"(4, 5)",IAC,GETCHA,50000,0.54634
7,"(4, 5)",IAC,Uncovered Set,50000,0.54634
7,"(10, 11)",IAC,Split Cycle,50000,0.3737
7,"(10, 11)",IAC,Beat Path,50000,0.33606
7,"(10, 11)",IAC,Copeland,50000,0.19584
7,"(10, 11)",IAC,GETCHA,50000,0.51858
7,"(10, 11)",IAC,Uncovered Set,50000,0.51858
7,"(20, 21)",IAC,Split Cycle,50000,0.31618
7,"(20, 21)",IAC,Beat Path,50000,0.26278
7,"(20, 21)",IAC,Copeland,50000,0.19588
7,"(20, 21)",IAC,GETCHA,50000,0.49264
7,"(20, 21)",IAC,Uncovered Set,50000,0.49264
7,"(50, 51)",IAC,Split Cycle,50000,0.24018
7,"(50, 51)",IAC,Beat Path,50000,0.177
7,"(50, 51)",IAC,Copeland,50000,0.19828
7,"(50, 51)",IAC,GETCHA,50000,0.4576
7,"(50, 51)",IAC,Uncovered Set,50000,0.4576
7,"(100, 101)",IAC,Split Cycle,50000,0.19822
7,"(100, 101)",IAC,Beat Path,50000,0.13044
7,"(100, 101)",IAC,Copeland,50000,0.2055
7,"(100, 101)",IAC,GETCHA,50000,0.43862
7,"(100, 101)",IAC,Uncovered Set,50000,0.43862
7,"(500, 501)",IAC,Split Cycle,50000,0.1312
7,"(500, 501)",IAC,Beat Path,50000,0.05776
7,"(500, 501)",IAC,Copeland,50000,0.21858
7,"(500, 501)",IAC,GETCHA,50000,0.40162
7,"(500, 501)",IAC,Uncovered Set,50000,0.40162
7,"(1000, 1001)",IAC,Split Cycle,50000,0.11874
7,"(1000, 1001)",IAC,Beat Path,50000,0.04046
7,"(1000, 1001)",IAC,Copeland,50000,0.2259
7,"(1000, 1001)",IAC,GETCHA,50000,0.39264
7,"(1000, 1001)",IAC,Uncovered Set,50000,0.39264
7,"(5000, 5001)",IAC,Split Cycle,50000,0.0922
7,"(5000, 5001)",IAC,Beat Path,50000,0.01438
7,"(5000, 5001)",IAC,Copeland,50000,0.23642
7,"(5000, 5001)",IAC,GETCHA,50000,0.37526
7,"(5000, 5001)",IAC,Uncovered Set,50000,0.37526
10,"(4, 5)",IAC,Split Cycle,50000,0.53568
10,"(4, 5)",IAC,Beat Path,50000,0.5269
10,"(4, 5)",IAC,Copeland,50000,0.1953
10,"(4, 5)",IAC,GETCHA,50000,0.6276
10,"(4, 5)",IAC,Uncovered Set,50000,0.6276
10,"(10, 11)",IAC,Split Cycle,50000,0.46344
10,"(10, 11)",IAC,Beat Path,50000,0.38938
10,"(10, 11)",IAC,Copeland,50000,0.19488
10,"(10, 11)",IAC,GETCHA,50000,0.61636
10,"(10, 11)",IAC,Uncovered Set,50000,0.61636
10,"(20, 21)",IAC,Split Cycle,50000,0.40874
10,"(20, 21)",IAC,Beat Path,50000,0.30902
10,"(20, 21)",IAC,Copeland,50000,0.19536
10,"(20, 21)",IAC,GETCHA,50000,0.5993
10,"(20, 21)",IAC,Uncovered Set,50000,0.5993
10,"(50, 51)",IAC,Split Cycle,50000,0.33224
10,"(50, 51)",IAC,Beat Path,50000,0.2142
10,"(50, 51)",IAC,Copeland,50000,0.20158
10,"(50, 51)",IAC,GETCHA,50000,0.57274
10,"(50, 51)",IAC,Uncovered Set,50000,0.57274
10,"(100, 101)",IAC,Split Cycle,50000,0.28186
10,"(100, 101)",IAC,Beat Path,50000,0.1547
10,"(100, 101)",IAC,Copeland,50000,0.20264
10,"(100, 101)",IAC,GETCHA,50000,0.5507
10,"(100, 101)",IAC,Uncovered Set,50000,0.5507
10,"(500, 501)",IAC,Split Cycle,50000,0.21422
10,"(500, 501)",IAC,Beat Path,50000,0.07518
10,"(500, 501)",IAC,Copeland,50000,0.21716
10,"(500, 501)",IAC,GETCHA,50000,0.51682
10,"(500, 501)",IAC,Uncovered Set,50000,0.51682
10,"(1000, 1001)",IAC,Split Cycle,50000,0.19212
10,"(1000, 1001)",IAC,Beat Path,50000,0.05124
10,"(1000, 1001)",IAC,Copeland,50000,0.22
10,"(1000, 1001)",IAC,GETCHA,50000,0.50836
10,"(1000, 1001)",IAC,Uncovered Set,50000,0.50836
10,"(5000, 5001)",IAC,Split Cycle,50000,0.1695
10,"(5000, 5001)",IAC,Beat Path,50000,0.02486
10,"(5000, 5001)",IAC,Copeland,50000,0.23564
10,"(5000, 5001)",IAC,GETCHA,50000,0.49926
10,"(5000, 5001)",IAC,Uncovered Set,50000,0.49926
20,"(4, 5)",IAC,Split Cycle,50000,0.66122
20,"(4, 5)",IAC,Beat Path,50000,0.62316
20,"(4, 5)",IAC,Copeland,50000,0.17798
20,"(4, 5)",IAC,GETCHA,50000,0.75488
20,"(4, 5)",IAC,Uncovered Set,50000,0.75488
20,"(10, 11)",IAC,Split Cycle,50000,0.62792
20,"(10, 11)",IAC,Beat Path,50000,0.46872
20,"(10, 11)",IAC,Copeland,50000,0.17354
20,"(10, 11)",IAC,GETCHA,50000,0.7609
20,"(10, 11)",IAC,Uncovered Set,50000,0.7609
20,"(20, 21)",IAC,Split Cycle,50000,0.58428
20,"(20, 21)",IAC,Beat Path,50000,0.38286
20,"(20, 21)",IAC,Copeland,50000,0.17666
20,"(20, 21)",IAC,GETCHA,50000,0.75618
20,"(20, 21)",IAC,Uncovered Set,50000,0.75618
20,"(50, 51)",IAC,Split Cycle,50000,0.51596
20,"(50, 51)",IAC,Beat Path,50000,0.27408
20,"(50, 51)",IAC,Copeland,50000,0.17744
20,"(50, 51)",IAC,GETCHA,50000,0.73954
20,"(50, 51)",IAC,Uncovered Set,50000,0.73954
20,"(100, 101)",IAC,Split Cycle,50000,0.47048
20,"(100, 101)",IAC,Beat Path,50000,0.20356
20,"(100, 101)",IAC,Copeland,50000,0.17714
20,"(100, 101)",IAC,GETCHA,50000,0.72892
20,"(100, 101)",IAC,Uncovered Set,50000,0.72892
20,"(500, 501)",IAC,Split Cycle,50000,0.3992
20,"(500, 501)",IAC,Beat Path,50000,0.0994
20,"(500, 501)",IAC,Copeland,50000,0.1887
20,"(500, 501)",IAC,GETCHA,50000,0.7074
20,"(500, 501)",IAC,Uncovered Set,50000,0.7074
20,"(1000, 1001)",IAC,Split Cycle,50000,0.37908
20,"(1000, 1001)",IAC,Beat Path,50000,0.07346
20,"(1000, 1001)",IAC,Copeland,50000,0.19294
20,"(1000, 1001)",IAC,GETCHA,50000,0.69938
20,"(1000, 1001)",IAC,Uncovered Set,50000,0.69938
20,"(5000, 5001)",IAC,Split Cycle,50000,0.3455
20,"(5000, 5001)",IAC,Beat Path,50000,0.03296
20,"(5000, 5001)",IAC,Copeland,50000,0.20966
20,"(5000, 5001)",IAC,GETCHA,50000,0.68824
20,"(5000, 5001)",IAC,Uncovered Set,50000,0.68824
30,"(4, 5)",IAC,Split Cycle,50000,0.72124
30,"(4, 5)",IAC,Beat Path,50000,0.65548
30,"(4, 5)",IAC,Copeland,50000,0.15598
30,"(4, 5)",IAC,GETCHA,50000,0.80162
30,"(4, 5)",IAC,Uncovered Set,50000,0.80162
30,"(10, 11)",IAC,Split Cycle,50000,0.71454
30,"(10, 11)",IAC,Beat Path,50000,0.50798
30,"(10, 11)",IAC,Copeland,50000,0.16018
30,"(10, 11)",IAC,GETCHA,50000,0.82484
30,"(10, 11)",IAC,Uncovered Set,50000,0.82484
30,"(20, 21)",IAC,Split Cycle,50000,0.67392
30,"(20, 21)",IAC,Beat Path,50000,0.42238
30,"(20, 21)",IAC,Copeland,50000,0.16146
30,"(20, 21)",IAC,GETCHA,50000,0.82178
30,"(20, 21)",IAC,Uncovered Set,50000,0.82178
30,"(50, 51)",IAC,Split Cycle,50000,0.61694
30,"(50, 51)",IAC,Beat Path,50000,0.3052
30,"(50, 51)",IAC,Copeland,50000,0.15782
30,"(50, 51)",IAC,GETCHA,50000,0.81236
30,"(50, 51)",IAC,Uncovered Set,50000,0.81236
30,"(100, 101)",IAC,Split Cycle,50000,0.5758
30,"(100, 101)",IAC,Beat Path,50000,0.22798
30,"(100, 101)",IAC,Copeland,50000,0.1591
30,"(100, 101)",IAC,GETCHA,50000,0.80362
30,"(100, 101)",IAC,Uncovered Set,50000,0.80362
30,"(500, 501)",IAC,Split Cycle,50000,0.5054
30,"(500, 501)",IAC,Beat Path,50000,0.11296
30,"(500, 501)",IAC,Copeland,50000,0.16584
30,"(500, 501)",IAC,GETCHA,50000,0.78396
30,"(500, 501)",IAC,Uncovered Set,50000,0.78396
30,"(1000, 1001)",IAC,Split Cycle,50000,0.4824
30,"(1000, 1001)",IAC,Beat Path,50000,0.07954
30,"(1000, 1001)",IAC,Copeland,50000,0.17312
30,"(1000, 1001)",IAC,GETCHA,50000,0.77892
30,"(1000, 1001)",IAC,Uncovered Set,50000,0.77892
30,"(5000, 5001)",IAC,Split Cycle,50000,0.45732
30,"(5000, 5001)",IAC,Beat Path,50000,0.03884
30,"(5000, 5001)",IAC,Copeland,50000,0.18102
30,"(5000, 5001)",IAC,GETCHA,50000,0.76962
30,"(5000, 5001)",IAC,Uncovered Set,50000,0.76962
5,"(4, 5)",URN-R,Split Cycle,50000,0.20644
5,"(4, 5)",URN-R,Beat Path,50000,0.20636
5,"(4, 5)",URN-R,Copeland,50000,0.09944
5,"(4, 5)",URN-R,GETCHA,50000,0.24316
5,"(4, 5)",URN-R,Uncovered Set,50000,0.24316
5,"(10, 11)",URN-R,Split Cycle,50000,0.12206
5,"(10, 11)",URN-R,Beat Path,50000,0.11594
5,"(10, 11)",URN-R,Copeland,50000,0.08682
5,"(10, 11)",URN-R,GETCHA,50000,0.18988
5,"(10, 11)",URN-R,Uncovered Set,50000,0.18988
5,"(20, 21)",URN-R,Split Cycle,50000,0.07838
5,"(20, 21)",URN-R,Beat Path,50000,0.06944
5,"(20, 21)",URN-R,Copeland,50000,0.08674
5,"(20, 21)",URN-R,GETCHA,50000,0.15932
5,"(20, 21)",URN-R,Uncovered Set,50000,0.15932
5,"(50, 51)",URN-R,Split Cycle,50000,0.04434
5,"(50, 51)",URN-R,Beat Path,50000,0.03392
5,"(50, 51)",URN-R,Copeland,50000,0.08832
5,"(50, 51)",URN-R,GETCHA,50000,0.135
5,"(50, 51)",URN-R,Uncovered Set,50000,0.135
5,"(100, 101)",URN-R,Split Cycle,50000,0.02878
5,"(100, 101)",URN-R,Beat Path,50000,0.0183
5,"(100, 101)",URN-R,Copeland,50000,0.09148
5,"(100, 101)",URN-R,GETCHA,50000,0.12402
5,"(100, 101)",URN-R,Uncovered Set,50000,0.12402
5,"(500, 501)",URN-R,Split Cycle,50000,0.01608
5,"(500, 501)",URN-R,Beat Path,50000,0.00476
5,"(500, 501)",URN-R,Copeland,50000,0.0962
5,"(500, 501)",URN-R,GETCHA,50000,0.11482
5,"(500, 501)",URN-R,Uncovered Set,50000,0.11482
5,"(1000, 1001)",URN-R,Split Cycle,50000,0.01394
5,"(1000, 1001)",URN-R,Beat Path,50000,0.00254
5,"(1000, 1001)",URN-R,Copeland,50000,0.09622
5,"(1000, 1001)",URN-R,GETCHA,50000,0.11204
5,"(1000, 1001)",URN-R,Uncovered Set,50000,0.11204
5,"(5000, 5001)",URN-R,Split Cycle,50000,0.0123
5,"(5000, 5001)",URN-R,Beat Path,50000,0.00076
5,"(5000, 5001)",URN-R,Copeland,50000,0.09462
5,"(5000, 5001)",URN-R,GETCHA,50000,0.10896
5,"(5000, 5001)",URN-R,Uncovered Set,50000,0.10896
7,"(4, 5)",URN-R,Split Cycle,50000,0.24
7,"(4, 5)",URN-R,Beat Path,50000,0.23938
7,"(4, 5)",URN-R,Copeland,50000,0.09938
7,"(4, 5)",URN-R,GETCHA,50000,0.28954
7,"(4, 5)",URN-R,Uncovered Set,50000,0.28954
7,"(10, 11)",URN-R,Split Cycle,50000,0.15466
7,"(10, 11)",URN-R,Beat Path,50000,0.13892
7,"(10, 11)",URN-R,Copeland,50000,0.09568
7,"(10, 11)",URN-R,GETCHA,50000,0.2441
7,"(10, 11)",URN-R,Uncovered Set,50000,0.2441
7,"(20, 21)",URN-R,Split Cycle,50000,0.10194
7,"(20, 21)",URN-R,Beat Path,50000,0.08264
7,"(20, 21)",URN-R,Copeland,50000,0.09572
7,"(20, 21)",URN-R,GETCHA,50000,0.21122
7,"(20, 21)",URN-R,Uncovered Set,50000,0.21122
7,"(50, 51)",URN-R,Split Cycle,50000,0.06652
7,"(50, 51)",URN-R,Beat Path,50000,0.04114
7,"(50, 51)",URN-R,Copeland,50000,0.10082
7,"(50, 51)",URN-R,GETCHA,50000,0.19038
7,"(50, 51)",URN-R,Uncovered Set,50000,0.19038
7,"(100, 101)",URN-R,Split Cycle,50000,0.04904
7,"(100, 101)",URN-R,Beat Path,50000,0.02224
7,"(100, 101)",URN-R,Copeland,50000,0.10458
7,"(100, 101)",URN-R,GETCHA,50000,0.17722
7,"(100, 101)",URN-R,Uncovered Set,50000,0.17722
7,"(500, 501)",URN-R,Split Cycle,50000,0.0329
7,"(500, 501)",URN-R,Beat Path,50000,0.0062
7,"(500, 501)",URN-R,Copeland,50000,0.11014
7,"(500, 501)",URN-R,GETCHA,50000,0.16798
7,"(500, 501)",URN-R,Uncovered Set,50000,0.16798
7,"(1000, 1001)",URN-R,Split Cycle,50000,0.02946
7,"(1000, 1001)",URN-R,Beat Path,50000,0.00318
7,"(1000, 1001)",URN-R,Copeland,50000,0.11094
7,"(1000, 1001)",URN-R,GETCHA,50000,0.16356
7,"(1000, 1001)",URN-R,Uncovered Set,50000,0.16356
7,"(5000, 5001)",URN-R,Split Cycle,50000,0.02792
7,"(5000, 5001)",URN-R,Beat Path,50000,0.00066
7,"(5000, 5001)",URN-R,Copeland,50000,0.11252
7,"(5000, 5001)",URN-R,GETCHA,50000,0.1638
7,"(5000, 5001)",URN-R,Uncovered Set,50000,0.1638
10,"(4, 5)",URN-R,Split Cycle,50000,0.27164
10,"(4, 5)",URN-R,Beat Path,50000,0.26966
10,"(4, 5)",URN-R,Copeland,50000,0.09664
10,"(4, 5)",URN-R,GETCHA,50000,0.33464
10,"(4, 5)",URN-R,Uncovered Set,50000,0.33464
10,"(10, 11)",URN-R,Split Cycle,50000,0.18896
10,"(10, 11)",URN-R,Beat Path,50000,0.1594
10,"(10, 11)",URN-R,Copeland,50000,0.09884
10,"(10, 11)",URN-R,GETCHA,50000,0.29446
10,"(10, 11)",URN-R,Uncovered Set,50000,0.29446
10,"(20, 21)",URN-R,Split Cycle,50000,0.13788
10,"(20, 21)",URN-R,Beat Path,50000,0.0996
10,"(20, 21)",URN-R,Copeland,50000,0.09848
10,"(20, 21)",URN-R,GETCHA,50000,0.26628
10,"(20, 21)",URN-R,Uncovered Set,50000,0.26628
10,"(50, 51)",URN-R,Split Cycle,50000,0.09816
10,"(50, 51)",URN-R,Beat Path,50000,0.05142
10,"(50, 51)",URN-R,Copeland,50000,0.10394
10,"(50, 51)",URN-R,GETCHA,50000,0.24582
10,"(50, 51)",URN-R,Uncovered Set,50000,0.24582
10,"(100, 101)",URN-R,Split Cycle,50000,0.07738
10,"(100, 101)",URN-R,Beat Path,50000,0.02842
10,"(100, 101)",URN-R,Copeland,50000,0.1105
10,"(100, 101)",URN-R,GETCHA,50000,0.23376
10,"(100, 101)",URN-R,Uncovered Set,50000,0.23376
10,"(500, 501)",URN-R,Split Cycle,50000,0.05688
10,"(500, 501)",URN-R,Beat Path,50000,0.0067
10,"(500, 501)",URN-R,Copeland,50000,0.11756
10,"(500, 501)",URN-R,GETCHA,50000,0.22426
10,"(500, 501)",URN-R,Uncovered Set,50000,0.22426
10,"(1000, 1001)",URN-R,Split Cycle,50000,0.05394
10,"(1000, 1001)",URN-R,Beat Path,50000,0.004
10,"(1000, 1001)",URN-R,Copeland,50000,0.11784
10,"(1000, 1001)",URN-R,GETCHA,50000,0.22256
10,"(1000, 1001)",URN-R,Uncovered Set,50000,0.22256
10,"(5000, 5001)",URN-R,Split Cycle,50000,0.05172
10,"(5000, 5001)",URN-R,Beat Path,50000,0.00122
10,"(5000, 5001)",URN-R,Copeland,50000,0.12356
10,"(5000, 5001)",URN-R,GETCHA,50000,0.22108
10,"(5000, 5001)",URN-R,Uncovered Set,50000,0.22108
20,"(4, 5)",URN-R,Split Cycle,50000,0.3266
20,"(4, 5)",URN-R,Beat Path,50000,0.3177
20,"(4, 5)",URN-R,Copeland,50000,0.08914
20,"(4, 5)",URN-R,GETCHA,50000,0.3997
20,"(4, 5)",URN-R,Uncovered Set,50000,0.3997
20,"(10, 11)",URN-R,Split Cycle,50000,0.25718
20,"(10, 11)",URN-R,Beat Path,50000,0.19386
20,"(10, 11)",URN-R,Copeland,50000,0.0924
20,"(10, 11)",URN-R,GETCHA,50000,0.37792
20,"(10, 11)",URN-R,Uncovered Set,50000,0.37792
20,"(20, 21)",URN-R,Split Cycle,50000,0.21146
20,"(20, 21)",URN-R,Beat Path,50000,0.12992
20,"(20, 21)",URN-R,Copeland,50000,0.09692
20,"(20, 21)",URN-R,GETCHA,50000,0.35998
20,"(20, 21)",URN-R,Uncovered Set,50000,0.35998
20,"(50, 51)",URN-R,Split Cycle,50000,0.16754
20,"(50, 51)",URN-R,Beat Path,50000,0.06898
20,"(50, 51)",URN-R,Copeland,50000,0.09814
20,"(50, 51)",URN-R,GETCHA,50000,0.34042
20,"(50, 51)",URN-R,Uncovered Set,50000,0.34042
20,"(100, 101)",URN-R,Split Cycle,50000,0.1437
20,"(100, 101)",URN-R,Beat Path,50000,0.0394
20,"(100, 101)",URN-R,Copeland,50000,0.10568
20,"(100, 101)",URN-R,GETCHA,50000,0.33278
20,"(100, 101)",URN-R,Uncovered Set,50000,0.33278
20,"(500, 501)",URN-R,Split Cycle,50000,0.12214
20,"(500, 501)",URN-R,Beat Path,50000,0.01074
20,"(500, 501)",URN-R,Copeland,50000,0.11348
20,"(500, 501)",URN-R,GETCHA,50000,0.3217
20,"(500, 501)",URN-R,Uncovered Set,50000,0.3217
20,"(1000, 1001)",URN-R,Split Cycle,50000,0.11936
20,"(1000, 1001)",URN-R,Beat Path,50000,0.00646
20,"(1000, 1001)",URN-R,Copeland,50000,0.11904
20,"(1000, 1001)",URN-R,GETCHA,50000,0.3241
20,"(1000, 1001)",URN-R,Uncovered Set,50000,0.3241
20,"(5000, 5001)",URN-R,Split Cycle,50000,0.11556
20,"(5000, 5001)",URN-R,Beat Path,50000,0.00176
20,"(5000, 5001)",URN-R,Copeland,50000,0.1202
20,"(5000, 5001)",URN-R,GETCHA,50000,0.32338
20,"(5000, 5001)",URN-R,Uncovered Set,50000,0.32338
30,"(4, 5)",URN-R,Split Cycle,50000,0.35488
30,"(4, 5)",URN-R,Beat Path,50000,0.33738
30,"(4, 5)",URN-R,Copeland,50000,0.08202
30,"(4, 5)",URN-R,GETCHA,50000,0.43204
30,"(4, 5)",URN-R,Uncovered Set,50000,0.43204
30,"(10, 11)",URN-R,Split Cycle,50000,0.30016
30,"(10, 11)",URN-R,Beat Path,50000,0.21724
30,"(10, 11)",URN-R,Copeland,50000,0.0874
30,"(10, 11)",URN-R,GETCHA,50000,0.41622
30,"(10, 11)",URN-R,Uncovered Set,50000,0.41622
30,"(20, 21)",URN-R,Split Cycle,50000,0.25586
30,"(20, 21)",URN-R,Beat Path,50000,0.14648
30,"(20, 21)",URN-R,Copeland,50000,0.09122
30,"(20, 21)",URN-R,GETCHA,50000,0.40594
30,"(20, 21)",URN-R,Uncovered Set,50000,0.40594
30,"(50, 51)",URN-R,Split Cycle,50000,0.20844
30,"(50, 51)",URN-R,Beat Path,50000,0.07768
30,"(50, 51)",URN-R,Copeland,50000,0.0943
30,"(50, 51)",URN-R,GETCHA,50000,0.38658
30,"(50, 51)",URN-R,Uncovered Set,50000,0.38658
30,"(100, 101)",URN-R,Split Cycle,50000,0.18708
30,"(100, 101)",URN-R,Beat Path,50000,0.04554
30,"(100, 101)",URN-R,Copeland,50000,0.102
30,"(100, 101)",URN-R,GETCHA,50000,0.37936
30,"(100, 101)",URN-R,Uncovered Set,50000,0.37936
30,"(500, 501)",URN-R,Split Cycle,50000,0.16552
30,"(500, 501)",URN-R,Beat Path,50000,0.01254
30,"(500, 501)",URN-R,Copeland,50000,0.10998
30,"(500, 501)",URN-R,GETCHA,50000,0.37342
30,"(500, 501)",URN-R,Uncovered Set,50000,0.37342
30,"(1000, 1001)",URN-R,Split Cycle,50000,0.16208
30,"(1000, 1001)",URN-R,Beat Path,50000,0.00798
30,"(1000, 1001)",URN-R,Copeland,50000,0.1103
30,"(1000, 1001)",URN-R,GETCHA,50000,0.36942
30,"(1000, 1001)",URN-R,Uncovered Set,50000,0.36942
30,"(5000, 5001)",URN-R,Split Cycle,50000,0.15772
30,"(5000, 5001)",URN-R,Beat Path,50000,0.0026
30,"(5000, 5001)",URN-R,Copeland,50000,0.11684
30,"(5000, 5001)",URN-R,GETCHA,50000,0.37082
30,"(5000, 5001)",URN-R,Uncovered Set,50000,0.37082
5,"(4, 5)",MALLOWS-RELPHI-R,Split Cycle,50000,0.21162
5,"(4, 5)",MALLOWS-RELPHI-R,Beat Path,50000,0.21152
5,"(4, 5)",MALLOWS-RELPHI-R,Copeland,50000,0.11404
5,"(4, 5)",MALLOWS-RELPHI-R,GETCHA,50000,0.24126
5,"(4, 5)",MALLOWS-RELPHI-R,Uncovered Set,50000,0.24126
5,"(10, 11)",MALLOWS-RELPHI-R,Split Cycle,50000,0.11024
5,"(10, 11)",MALLOWS-RELPHI-R,Beat Path,50000,0.10754
5,"(10, 11)",MALLOWS-RELPHI-R,Copeland,50000,0.0766
5,"(10, 11)",MALLOWS-RELPHI-R,GETCHA,50000,0.14742
5,"(10, 11)",MALLOWS-RELPHI-R,Uncovered Set,50000,0.14742
5,"(20, 21)",MALLOWS-RELPHI-R,Split Cycle,50000,0.06668
5,"(20, 21)",MALLOWS-RELPHI-R,Beat Path,50000,0.0632
5,"(20, 21)",MALLOWS-RELPHI-R,Copeland,50000,0.05474
5,"(20, 21)",MALLOWS-RELPHI-R,GETCHA,50000,0.09928
5,"(20, 21)",MALLOWS-RELPHI-R,Uncovered Set,50000,0.09928
5,"(50, 51)",MALLOWS-RELPHI-R,Split Cycle,50000,0.03044
5,"(50, 51)",MALLOWS-RELPHI-R,Beat Path,50000,0.0284
5,"(50, 51)",MALLOWS-RELPHI-R,Copeland,50000,0.0348
5,"(50, 51)",MALLOWS-RELPHI-R,GETCHA,50000,0.05398
5,"(50, 51)",MALLOWS-RELPHI-R,Uncovered Set,50000,0.05398
5,"(100, 101)",MALLOWS-RELPHI-R,Split Cycle,50000,0.01734
5,"(100, 101)",MALLOWS-RELPHI-R,Beat Path,50000,0.0152
5,"(100, 101)",MALLOWS-RELPHI-R,Copeland,50000,0.0239
5,"(100, 101)",MALLOWS-RELPHI-R,GETCHA,50000,0.03516
5,"(100, 101)",MALLOWS-RELPHI-R,Uncovered Set,50000,0.03516
5,"(500, 501)",MALLOWS-RELPHI-R,Split Cycle,50000,0.00422
5,"(500, 501)",MALLOWS-RELPHI-R,Beat Path,50000,0.00324
5,"(500, 501)",MALLOWS-RELPHI-R,Copeland,50000,0.01036
5,"(500, 501)",MALLOWS-RELPHI-R,GETCHA,50000,0.0132
5,"(500, 501)",MALLOWS-RELPHI-R,Uncovered Set,50000,0.0132
5,"(1000, 1001)",MALLOWS-RELPHI-R,Split Cycle,50000,0.00208
5,"(1000, 1001)",MALLOWS-RELPHI-R,Beat Path,50000,0.00148
5,"(1000, 1001)",MALLOWS-RELPHI-R,Copeland,50000,0.0068
5,"(1000, 1001)",MALLOWS-RELPHI-R,GETCHA,50000,0.00824
5,"(1000, 1001)",MALLOWS-RELPHI-R,Uncovered Set,50000,0.00824
5,"(5000, 5001)",MALLOWS-RELPHI-R,Split Cycle,50000,0.00066
5,"(5000, 5001)",MALLOWS-RELPHI-R,Beat Path,50000,0.0004
5,"(5000, 5001)",MALLOWS-RELPHI-R,Copeland,50000,0.003
5,"(5000, 5001)",MALLOWS-RELPHI-R,GETCHA,50000,0.0033
5,"(5000, 5001)",MALLOWS-RELPHI-R,Uncovered Set,50000,0.0033
7,"(4, 5)",MALLOWS-RELPHI-R,Split Cycle,50000,0.2592
7,"(4, 5)",MALLOWS-RELPHI-R,Beat Path,50000,0.2585
7,"(4, 5)",MALLOWS-RELPHI-R,Copeland,50000,0.12502
7,"(4, 5)",MALLOWS-RELPHI-R,GETCHA,50000,0.29938
7,"(4, 5)",MALLOWS-RELPHI-R,Uncovered Set,50000,0.29938
7,"(10, 11)",MALLOWS-RELPHI-R,Split Cycle,50000,0.14598
7,"(10, 11)",MALLOWS-RELPHI-R,Beat Path,50000,0.13762
7,"(10, 11)",MALLOWS-RELPHI-R,Copeland,50000,0.09174
7,"(10, 11)",MALLOWS-RELPHI-R,GETCHA,50000,0.19732
7,"(10, 11)",MALLOWS-RELPHI-R,Uncovered Set,50000,0.19732
7,"(20, 21)",MALLOWS-RELPHI-R,Split Cycle,50000,0.0895
7,"(20, 21)",MALLOWS-RELPHI-R,Beat Path,50000,0.0797
7,"(20, 21)",MALLOWS-RELPHI-R,Copeland,50000,0.06724
7,"(20, 21)",MALLOWS-RELPHI-R,GETCHA,50000,0.13404
7,"(20, 21)",MALLOWS-RELPHI-R,Uncovered Set,50000,0.13404
7,"(50, 51)",MALLOWS-RELPHI-R,Split Cycle,50000,0.04354
7,"(50, 51)",MALLOWS-RELPHI-R,Beat Path,50000,0.03716
7,"(50, 51)",MALLOWS-RELPHI-R,Copeland,50000,0.0445
7,"(50, 51)",MALLOWS-RELPHI-R,GETCHA,50000,0.0781
7,"(50, 51)",MALLOWS-RELPHI-R,Uncovered Set,50000,0.0781
7,"(100, 101)",MALLOWS-RELPHI-R,Split Cycle,50000,0.02324
7,"(100, 101)",MALLOWS-RELPHI-R,Beat Path,50000,0.0182
7,"(100, 101)",MALLOWS-RELPHI-R,Copeland,50000,0.03004
7,"(100, 101)",MALLOWS-RELPHI-R,GETCHA,50000,0.0504
7,"(100, 101)",MALLOWS-RELPHI-R,Uncovered Set,50000,0.0504
7,"(500, 501)",MALLOWS-RELPHI-R,Split Cycle,50000,0.00664
7,"(500, 501)",MALLOWS-RELPHI-R,Beat Path,50000,0.00422
7,"(500, 501)",MALLOWS-RELPHI-R,Copeland,50000,0.01338
7,"(500, 501)",MALLOWS-RELPHI-R,GETCHA,50000,0.01944
7,"(500, 501)",MALLOWS-RELPHI-R,Uncovered Set,50000,0.01944
7,"(1000, 1001)",MALLOWS-RELPHI-R,Split Cycle,50000,0.00406
7,"(1000, 1001)",MALLOWS-RELPHI-R,Beat Path,50000,0.00226
7,"(1000, 1001)",MALLOWS-RELPHI-R,Copeland,50000,0.0093
7,"(1000, 1001)",MALLOWS-RELPHI-R,GETCHA,50000,0.01328
7,"(1000, 1001)",MALLOWS-RELPHI-R,Uncovered Set,50000,0.01328
7,"(5000, 5001)",MALLOWS-RELPHI-R,Split Cycle,50000,0.00126
7,"(5000, 5001)",MALLOWS-RELPHI-R,Beat Path,50000,0.0004
7,"(5000, 5001)",MALLOWS-RELPHI-R,Copeland,50000,0.00378
7,"(5000, 5001)",MALLOWS-RELPHI-R,GETCHA,50000,0.00532
7,"(5000, 5001)",MALLOWS-RELPHI-R,Uncovered Set,50000,0.00532
10,"(4, 5)",MALLOWS-RELPHI-R,Split Cycle,50000,0.30476
10,"(4, 5)",MALLOWS-RELPHI-R,Beat Path,50000,0.30248
10,"(4, 5)",MALLOWS-RELPHI-R,Copeland,50000,0.1347
10,"(4, 5)",MALLOWS-RELPHI-R,GETCHA,50000,0.35516
10,"(4, 5)",MALLOWS-RELPHI-R,Uncovered Set,50000,0.35516
10,"(10, 11)",MALLOWS-RELPHI-R,Split Cycle,50000,0.1869
10,"(10, 11)",MALLOWS-RELPHI-R,Beat Path,50000,0.16998
10,"(10, 11)",MALLOWS-RELPHI-R,Copeland,50000,0.1065
10,"(10, 11)",MALLOWS-RELPHI-R,GETCHA,50000,0.24982
10,"(10, 11)",MALLOWS-RELPHI-R,Uncovered Set,50000,0.24982
10,"(20, 21)",MALLOWS-RELPHI-R,Split Cycle,50000,0.11772
10,"(20, 21)",MALLOWS-RELPHI-R,Beat Path,50000,0.10004
10,"(20, 21)",MALLOWS-RELPHI-R,Copeland,50000,0.07942
10,"(20, 21)",MALLOWS-RELPHI-R,GETCHA,50000,0.17634
10,"(20, 21)",MALLOWS-RELPHI-R,Uncovered Set,50000,0.17634
10,"(50, 51)",MALLOWS-RELPHI-R,Split Cycle,50000,0.06114
10,"(50, 51)",MALLOWS-RELPHI-R,Beat Path,50000,0.04768
10,"(50, 51)",MALLOWS-RELPHI-R,Copeland,50000,0.05216
10,"(50, 51)",MALLOWS-RELPHI-R,GETCHA,50000,0.10752
10,"(50, 51)",MALLOWS-RELPHI-R,Uncovered Set,50000,0.10752
10,"(100, 101)",MALLOWS-RELPHI-R,Split Cycle,50000,0.03566
10,"(100, 101)",MALLOWS-RELPHI-R,Beat Path,50000,0.0256
10,"(100, 101)",MALLOWS-RELPHI-R,Copeland,50000,0.03858
10,"(100, 101)",MALLOWS-RELPHI-R,GETCHA,50000,0.07224
10,"(100, 101)",MALLOWS-RELPHI-R,Uncovered Set,50000,0.07224
10,"(500, 501)",MALLOWS-RELPHI-R,Split Cycle,50000,0.01066
10,"(500, 501)",MALLOWS-RELPHI-R,Beat Path,50000,0.00568
10,"(500, 501)",MALLOWS-RELPHI-R,Copeland,50000,0.01754
10,"(500, 501)",MALLOWS-RELPHI-R,GETCHA,50000,0.02914
10,"(500, 501)",MALLOWS-RELPHI-R,Uncovered Set,50000,0.02914
10,"(1000, 1001)",MALLOWS-RELPHI-R,Split Cycle,50000,0.00666
10,"(1000, 1001)",MALLOWS-RELPHI-R,Beat Path,50000,0.00348
10,"(1000, 1001)",MALLOWS-RELPHI-R,Copeland,50000,0.01208
10,"(1000, 1001)",MALLOWS-RELPHI-R,GETCHA,50000,0.0194
10,"(1000, 1001)",MALLOWS-RELPHI-R,Uncovered Set,50000,0.0194
10,"(5000, 5001)",MALLOWS-RELPHI-R,Split Cycle,50000,0.00194
10,"(5000, 5001)",MALLOWS-RELPHI-R,Beat Path,50000,0.00044
10,"(5000, 5001)",MALLOWS-RELPHI-R,Copeland,50000,0.00526
10,"(5000, 5001)",MALLOWS-RELPHI-R,GETCHA,50000,0.00826
10,"(5000, 5001)",MALLOWS-RELPHI-R,Uncovered Set,50000,0.00826
20,"(4, 5)",MALLOWS-RELPHI-R,Split Cycle,50000,0.4038
20,"(4, 5)",MALLOWS-RELPHI-R,Beat Path,50000,0.3931
20,"(4, 5)",MALLOWS-RELPHI-R,Copeland,50000,0.14654
20,"(4, 5)",MALLOWS-RELPHI-R,GETCHA,50000,0.46998
20,"(4, 5)",MALLOWS-RELPHI-R,Uncovered Set,50000,0.46998
20,"(10, 11)",MALLOWS-RELPHI-R,Split Cycle,50000,0.2748
20,"(10, 11)",MALLOWS-RELPHI-R,Beat Path,50000,0.23314
20,"(10, 11)",MALLOWS-RELPHI-R,Copeland,50000,0.12444
20,"(10, 11)",MALLOWS-RELPHI-R,GETCHA,50000,0.36086
20,"(10, 11)",MALLOWS-RELPHI-R,Uncovered Set,50000,0.36086
20,"(20, 21)",MALLOWS-RELPHI-R,Split Cycle,50000,0.19212
20,"(20, 21)",MALLOWS-RELPHI-R,Beat Path,50000,0.15114
20,"(20, 21)",MALLOWS-RELPHI-R,Copeland,50000,0.10288
20,"(20, 21)",MALLOWS-RELPHI-R,GETCHA,50000,0.2782
20,"(20, 21)",MALLOWS-RELPHI-R,Uncovered Set,50000,0.2782
20,"(50, 51)",MALLOWS-RELPHI-R,Split Cycle,50000,0.1137
20,"(50, 51)",MALLOWS-RELPHI-R,Beat Path,50000,0.08
20,"(50, 51)",MALLOWS-RELPHI-R,Copeland,50000,0.08048
20,"(50, 51)",MALLOWS-RELPHI-R,GETCHA,50000,0.1898
20,"(50, 51)",MALLOWS-RELPHI-R,Uncovered Set,50000,0.1898
20,"(100, 101)",MALLOWS-RELPHI-R,Split Cycle,50000,0.06954
20,"(100, 101)",MALLOWS-RELPHI-R,Beat Path,50000,0.04438
20,"(100, 101)",MALLOWS-RELPHI-R,Copeland,50000,0.05926
20,"(100, 101)",MALLOWS-RELPHI-R,GETCHA,50000,0.1313
20,"(100, 101)",MALLOWS-RELPHI-R,Uncovered Set,50000,0.1313
20,"(500, 501)",MALLOWS-RELPHI-R,Split Cycle,50000,0.02246
20,"(500, 501)",MALLOWS-RELPHI-R,Beat Path,50000,0.01016
20,"(500, 501)",MALLOWS-RELPHI-R,Copeland,50000,0.02918
20,"(500, 501)",MALLOWS-RELPHI-R,GETCHA,50000,0.05554
20,"(500, 501)",MALLOWS-RELPHI-R,Uncovered Set,50000,0.05554
20,"(1000, 1001)",MALLOWS-RELPHI-R,Split Cycle,50000,0.01406
20,"(1000, 1001)",MALLOWS-RELPHI-R,Beat Path,50000,0.00484
20,"(1000, 1001)",MALLOWS-RELPHI-R,Copeland,50000,0.02024
20,"(1000, 1001)",MALLOWS-RELPHI-R,GETCHA,50000,0.03796
20,"(1000, 1001)",MALLOWS-RELPHI-R,Uncovered Set,50000,0.03796
20,"(5000, 5001)",MALLOWS-RELPHI-R,Split Cycle,50000,0.00516
20,"(5000, 5001)",MALLOWS-RELPHI-R,Beat Path,50000,0.00096
20,"(5000, 5001)",MALLOWS-RELPHI-R,Copeland,50000,0.00918
20,"(5000, 5001)",MALLOWS-RELPHI-R,GETCHA,50000,0.01566
20,"(5000, 5001)",MALLOWS-RELPHI-R,Uncovered Set,50000,0.01566
30,"(4, 5)",MALLOWS-RELPHI-R,Split Cycle,50000,0.46176
30,"(4, 5)",MALLOWS-RELPHI-R,Beat Path,50000,0.44124
30,"(4, 5)",MALLOWS-RELPHI-R,Copeland,50000,0.1484
30,"(4, 5)",MALLOWS-RELPHI-R,GETCHA,50000,0.53238
30,"(4, 5)",MALLOWS-RELPHI-R,Uncovered Set,50000,0.53238
30,"(10, 11)",MALLOWS-RELPHI-R,Split Cycle,50000,0.34168
30,"(10, 11)",MALLOWS-RELPHI-R,Beat Path,50000,0.27788
30,"(10, 11)",MALLOWS-RELPHI-R,Copeland,50000,0.13678
30,"(10, 11)",MALLOWS-RELPHI-R,GETCHA,50000,0.43594
30,"(10, 11)",MALLOWS-RELPHI-R,Uncovered Set,50000,0.43594
30,"(20, 21)",MALLOWS-RELPHI-R,Split Cycle,50000,0.24456
30,"(20, 21)",MALLOWS-RELPHI-R,Beat Path,50000,0.1852
30,"(20, 21)",MALLOWS-RELPHI-R,Copeland,50000,0.11946
30,"(20, 21)",MALLOWS-RELPHI-R,GETCHA,50000,0.3465
30,"(20, 21)",MALLOWS-RELPHI-R,Uncovered Set,50000,0.3465
30,"(50, 51)",MALLOWS-RELPHI-R,Split Cycle,50000,0.1512
30,"(50, 51)",MALLOWS-RELPHI-R,Beat Path,50000,0.10106
30,"(50, 51)",MALLOWS-RELPHI-R,Copeland,50000,0.09704
30,"(50, 51)",MALLOWS-RELPHI-R,GETCHA,50000,0.2467
30,"(50, 51)",MALLOWS-RELPHI-R,Uncovered Set,50000,0.2467
30,"(100, 101)",MALLOWS-RELPHI-R,Split Cycle,50000,0.09692
30,"(100, 101)",MALLOWS-RELPHI-R,Beat Path,50000,0.05764
30,"(100, 101)",MALLOWS-RELPHI-R,Copeland,50000,0.07596
30,"(100, 101)",MALLOWS-RELPHI-R,GETCHA,50000,0.1782
30,"(100, 101)",MALLOWS-RELPHI-R,Uncovered Set,50000,0.1782
30,"(500, 501)",MALLOWS-RELPHI-R,Split Cycle,50000,0.03412
30,"(500, 501)",MALLOWS-RELPHI-R,Beat Path,50000,0.0145
30,"(500, 501)",MALLOWS-RELPHI-R,Copeland,50000,0.0403
30,"(500, 501)",MALLOWS-RELPHI-R,GETCHA,50000,0.08138
30,"(500, 501)",MALLOWS-RELPHI-R,Uncovered Set,50000,0.08138
30,"(1000, 1001)",MALLOWS-RELPHI-R,Split Cycle,50000,0.02096
30,"(1000, 1001)",MALLOWS-RELPHI-R,Beat Path,50000,0.0072
30,"(1000, 1001)",MALLOWS-RELPHI-R,Copeland,50000,0.02878
30,"(1000, 1001)",MALLOWS-RELPHI-R,GETCHA,50000,0.05528
30,"(1000, 1001)",MALLOWS-RELPHI-R,Uncovered Set,50000,0.05528
30,"(5000, 5001)",MALLOWS-RELPHI-R,Split Cycle,50000,0.00854
30,"(5000, 5001)",MALLOWS-RELPHI-R,Beat Path,50000,0.00142
30,"(5000, 5001)",MALLOWS-RELPHI-R,Copeland,50000,0.01278
30,"(5000, 5001)",MALLOWS-RELPHI-R,GETCHA,50000,0.02364
30,"(5000, 5001)",MALLOWS-RELPHI-R,Uncovered Set,50000,0.02364
5,"(4, 5)",MALLOWS_2REF-RELPHI-R,Split Cycle,50000,0.3571
5,"(4, 5)",MALLOWS_2REF-RELPHI-R,Beat Path,50000,0.35694
5,"(4, 5)",MALLOWS_2REF-RELPHI-R,Copeland,50000,0.17588
5,"(4, 5)",MALLOWS_2REF-RELPHI-R,GETCHA,50000,0.40058
5,"(4, 5)",MALLOWS_2REF-RELPHI-R,Uncovered Set,50000,0.40058
5,"(10, 11)",MALLOWS_2REF-RELPHI-R,Split Cycle,50000,0.27588
5,"(10, 11)",MALLOWS_2REF-RELPHI-R,Beat Path,50000,0.26614
5,"(10, 11)",MALLOWS_2REF-RELPHI-R,Copeland,50000,0.16936
5,"(10, 11)",MALLOWS_2REF-RELPHI-R,GETCHA,50000,0.3661
5,"(10, 11)",MALLOWS_2REF-RELPHI-R,Uncovered Set,50000,0.3661
5,"(20, 21)",MALLOWS_2REF-RELPHI-R,Split Cycle,50000,0.22314
5,"(20, 21)",MALLOWS_2REF-RELPHI-R,Beat Path,50000,0.2071
5,"(20, 21)",MALLOWS_2REF-RELPHI-R,Copeland,50000,0.16676
5,"(20, 21)",MALLOWS_2REF-RELPHI-R,GETCHA,50000,0.3361
5,"(20, 21)",MALLOWS_2REF-RELPHI-R,Uncovered Set,50000,0.3361
5,"(50, 51)",MALLOWS_2REF-RELPHI-R,Split Cycle,50000,0.15748
5,"(50, 51)",MALLOWS_2REF-RELPHI-R,Beat Path,50000,0.13656
5,"(50, 51)",MALLOWS_2REF-RELPHI-R,Copeland,50000,0.1604
5,"(50, 51)",MALLOWS_2REF-RELPHI-R,GETCHA,50000,0.29668
5,"(50, 51)",MALLOWS_2REF-RELPHI-R,Uncovered Set,50000,0.29668
5,"(100, 101)",MALLOWS_2REF-RELPHI-R,Split Cycle,50000,0.12448
5,"(100, 101)",MALLOWS_2REF-RELPHI-R,Beat Path,50000,0.10136
5,"(100, 101)",MALLOWS_2REF-RELPHI-R,Copeland,50000,0.1631
5,"(100, 101)",MALLOWS_2REF-RELPHI-R,GETCHA,50000,0.27688
5,"(100, 101)",MALLOWS_2REF-RELPHI-R,Uncovered Set,50000,0.27688
5,"(500, 501)",MALLOWS_2REF-RELPHI-R,Split Cycle,50000,0.06974
5,"(500, 501)",MALLOWS_2REF-RELPHI-R,Beat Path,50000,0.04542
5,"(500, 501)",MALLOWS_2REF-RELPHI-R,Copeland,50000,0.16778
5,"(500, 501)",MALLOWS_2REF-RELPHI-R,GETCHA,50000,0.24124
5,"(500, 501)",MALLOWS_2REF-RELPHI-R,Uncovered Set,50000,0.24124
5,"(1000, 1001)",MALLOWS_2REF-RELPHI-R,Split Cycle,50000,0.05898
5,"(1000, 1001)",MALLOWS_2REF-RELPHI-R,Beat Path,50000,0.0334
5,"(1000, 1001)",MALLOWS_2REF-RELPHI-R,Copeland,50000,0.16972
5,"(1000, 1001)",MALLOWS_2REF-RELPHI-R,GETCHA,50000,0.23238
5,"(1000, 1001)",MALLOWS_2REF-RELPHI-R,Uncovered Set,50000,0.23238
5,"(5000, 5001)",MALLOWS_2REF-RELPHI-R,Split Cycle,50000,0.04236
5,"(5000, 5001)",MALLOWS_2REF-RELPHI-R,Beat Path,50000,0.01558
5,"(5000, 5001)",MALLOWS_2REF-RELPHI-R,Copeland,50000,0.17534
5,"(5000, 5001)",MALLOWS_2REF-RELPHI-R,GETCHA,50000,0.21912
5,"(5000, 5001)",MALLOWS_2REF-RELPHI-R,Uncovered Set,50000,0.21912
7,"(4, 5)",MALLOWS_2REF-RELPHI-R,Split Cycle,50000,0.41874
7,"(4, 5)",MALLOWS_2REF-RELPHI-R,Beat Path,50000,0.4175
7,"(4, 5)",MALLOWS_2REF-RELPHI-R,Copeland,50000,0.1835
7,"(4, 5)",MALLOWS_2REF-RELPHI-R,GETCHA,50000,0.47222
7,"(4, 5)",MALLOWS_2REF-RELPHI-R,Uncovered Set,50000,0.47222
7,"(10, 11)",MALLOWS_2REF-RELPHI-R,Split Cycle,50000,0.33788
7,"(10, 11)",MALLOWS_2REF-RELPHI-R,Beat Path,50000,0.31254
7,"(10, 11)",MALLOWS_2REF-RELPHI-R,Copeland,50000,0.17462
7,"(10, 11)",MALLOWS_2REF-RELPHI-R,GETCHA,50000,0.44636
7,"(10, 11)",MALLOWS_2REF-RELPHI-R,Uncovered Set,50000,0.44636
7,"(20, 21)",MALLOWS_2REF-RELPHI-R,Split Cycle,50000,0.28156
7,"(20, 21)",MALLOWS_2REF-RELPHI-R,Beat Path,50000,0.24366
7,"(20, 21)",MALLOWS_2REF-RELPHI-R,Copeland,50000,0.17276
7,"(20, 21)",MALLOWS_2REF-RELPHI-R,GETCHA,50000,0.42216
7,"(20, 21)",MALLOWS_2REF-RELPHI-R,Uncovered Set,50000,0.42216
7,"(50, 51)",MALLOWS_2REF-RELPHI-R,Split Cycle,50000,0.21238
7,"(50, 51)",MALLOWS_2REF-RELPHI-R,Beat Path,50000,0.16504
7,"(50, 51)",MALLOWS_2REF-RELPHI-R,Copeland,50000,0.1683
7,"(50, 51)",MALLOWS_2REF-RELPHI-R,GETCHA,50000,0.38418
7,"(50, 51)",MALLOWS_2REF-RELPHI-R,Uncovered Set,50000,0.38418
7,"(100, 101)",MALLOWS_2REF-RELPHI-R,Split Cycle,50000,0.17598
7,"(100, 101)",MALLOWS_2REF-RELPHI-R,Beat Path,50000,0.12412
7,"(100, 101)",MALLOWS_2REF-RELPHI-R,Copeland,50000,0.17058
7,"(100, 101)",MALLOWS_2REF-RELPHI-R,GETCHA,50000,0.36606
7,"(100, 101)",MALLOWS_2REF-RELPHI-R,Uncovered Set,50000,0.36606
7,"(500, 501)",MALLOWS_2REF-RELPHI-R,Split Cycle,50000,0.11882
7,"(500, 501)",MALLOWS_2REF-RELPHI-R,Beat Path,50000,0.05736
7,"(500, 501)",MALLOWS_2REF-RELPHI-R,Copeland,50000,0.17908
7,"(500, 501)",MALLOWS_2REF-RELPHI-R,GETCHA,50000,0.33708
7,"(500, 501)",MALLOWS_2REF-RELPHI-R,Uncovered Set,50000,0.33708
7,"(1000, 1001)",MALLOWS_2REF-RELPHI-R,Split Cycle,50000,0.1028
7,"(1000, 1001)",MALLOWS_2REF-RELPHI-R,Beat Path,50000,0.0427
7,"(1000, 1001)",MALLOWS_2REF-RELPHI-R,Copeland,50000,0.18578
7,"(1000, 1001)",MALLOWS_2REF-RELPHI-R,GETCHA,50000,0.32652
7,"(1000, 1001)",MALLOWS_2REF-RELPHI-R,Uncovered Set,50000,0.32652
7,"(5000, 5001)",MALLOWS_2REF-RELPHI-R,Split Cycle,50000,0.0801
7,"(5000, 5001)",MALLOWS_2REF-RELPHI-R,Beat Path,50000,0.01886
7,"(5000, 5001)",MALLOWS_2REF-RELPHI-R,Copeland,50000,0.19126
7,"(5000, 5001)",MALLOWS_2REF-RELPHI-R,GETCHA,50000,0.3125
7,"(5000, 5001)",MALLOWS_2REF-RELPHI-R,Uncovered Set,50000,0.3125
10,"(4, 5)",MALLOWS_2REF-RELPHI-R,Split Cycle,50000,0.47434
10,"(4, 5)",MALLOWS_2REF-RELPHI-R,Beat Path,50000,0.47012
10,"(4, 5)",MALLOWS_2REF-RELPHI-R,Copeland,50000,0.1849
10,"(4, 5)",MALLOWS_2REF-RELPHI-R,GETCHA,50000,0.53554
10,"(4, 5)",MALLOWS_2REF-RELPHI-R,Uncovered Set,50000,0.53554
10,"(10, 11)",MALLOWS_2REF-RELPHI-R,Split Cycle,50000,0.40642
10,"(10, 11)",MALLOWS_2REF-RELPHI-R,Beat Path,50000,0.35848
10,"(10, 11)",MALLOWS_2REF-RELPHI-R,Copeland,50000,0.1775
10,"(10, 11)",MALLOWS_2REF-RELPHI-R,GETCHA,50000,0.52282
10,"(10, 11)",MALLOWS_2REF-RELPHI-R,Uncovered Set,50000,0.52282
10,"(20, 21)",MALLOWS_2REF-RELPHI-R,Split Cycle,50000,0.35442
10,"(20, 21)",MALLOWS_2REF-RELPHI-R,Beat Path,50000,0.28094
10,"(20, 21)",MALLOWS_2REF-RELPHI-R,Copeland,50000,0.17756
10,"(20, 21)",MALLOWS_2REF-RELPHI-R,GETCHA,50000,0.50854
10,"(20, 21)",MALLOWS_2REF-RELPHI-R,Uncovered Set,50000,0.50854
10,"(50, 51)",MALLOWS_2REF-RELPHI-R,Split Cycle,50000,0.28978
10,"(50, 51)",MALLOWS_2REF-RELPHI-R,Beat Path,50000,0.20124
10,"(50, 51)",MALLOWS_2REF-RELPHI-R,Copeland,50000,0.17688
10,"(50, 51)",MALLOWS_2REF-RELPHI-R,GETCHA,50000,0.48318
10,"(50, 51)",MALLOWS_2REF-RELPHI-R,Uncovered Set,50000,0.48318
10,"(100, 101)",MALLOWS_2REF-RELPHI-R,Split Cycle,50000,0.24448
10,"(100, 101)",MALLOWS_2REF-RELPHI-R,Beat Path,50000,0.14906
10,"(100, 101)",MALLOWS_2REF-RELPHI-R,Copeland,50000,0.1747
10,"(100, 101)",MALLOWS_2REF-RELPHI-R,GETCHA,50000,0.4603
10,"(100, 101)",MALLOWS_2REF-RELPHI-R,Uncovered Set,50000,0.4603
10,"(500, 501)",MALLOWS_2REF-RELPHI-R,Split Cycle,50000,0.17758
10,"(500, 501)",MALLOWS_2REF-RELPHI-R,Beat Path,50000,0.06924
10,"(500, 501)",MALLOWS_2REF-RELPHI-R,Copeland,50000,0.18374
10,"(500, 501)",MALLOWS_2REF-RELPHI-R,GETCHA,50000,0.43062
10,"(500, 501)",MALLOWS_2REF-RELPHI-R,Uncovered Set,50000,0.43062
10,"(1000, 1001)",MALLOWS_2REF-RELPHI-R,Split Cycle,50000,0.16258
10,"(1000, 1001)",MALLOWS_2REF-RELPHI-R,Beat Path,50000,0.05218
10,"(1000, 1001)",MALLOWS_2REF-RELPHI-R,Copeland,50000,0.19122
10,"(1000, 1001)",MALLOWS_2REF-RELPHI-R,GETCHA,50000,0.42374
10,"(1000, 1001)",MALLOWS_2REF-RELPHI-R,Uncovered Set,50000,0.42374
10,"(5000, 5001)",MALLOWS_2REF-RELPHI-R,Split Cycle,50000,0.1395
10,"(5000, 5001)",MALLOWS_2REF-RELPHI-R,Beat Path,50000,0.02428
10,"(5000, 5001)",MALLOWS_2REF-RELPHI-R,Copeland,50000,0.19672
10,"(5000, 5001)",MALLOWS_2REF-RELPHI-R,GETCHA,50000,0.40956
10,"(5000, 5001)",MALLOWS_2REF-RELPHI-R,Uncovered Set,50000,0.40956
20,"(4, 5)",MALLOWS_2REF-RELPHI-R,Split Cycle,50000,0.58232
20,"(4, 5)",MALLOWS_2REF-RELPHI-R,Beat Path,50000,0.56368
20,"(4, 5)",MALLOWS_2REF-RELPHI-R,Copeland,50000,0.17528
20,"(4, 5)",MALLOWS_2REF-RELPHI-R,GETCHA,50000,0.6481
20,"(4, 5)",MALLOWS_2REF-RELPHI-R,Uncovered Set,50000,0.6481
20,"(10, 11)",MALLOWS_2REF-RELPHI-R,Split Cycle,50000,0.54162
20,"(10, 11)",MALLOWS_2REF-RELPHI-R,Beat Path,50000,0.43168
20,"(10, 11)",MALLOWS_2REF-RELPHI-R,Copeland,50000,0.17194
20,"(10, 11)",MALLOWS_2REF-RELPHI-R,GETCHA,50000,0.65276
20,"(10, 11)",MALLOWS_2REF-RELPHI-R,Uncovered Set,50000,0.65276
20,"(20, 21)",MALLOWS_2REF-RELPHI-R,Split Cycle,50000,0.50454
20,"(20, 21)",MALLOWS_2REF-RELPHI-R,Beat Path,50000,0.35846
20,"(20, 21)",MALLOWS_2REF-RELPHI-R,Copeland,50000,0.16856
20,"(20, 21)",MALLOWS_2REF-RELPHI-R,GETCHA,50000,0.65358
20,"(20, 21)",MALLOWS_2REF-RELPHI-R,Uncovered Set,50000,0.65358
20,"(50, 51)",MALLOWS_2REF-RELPHI-R,Split Cycle,50000,0.43798
20,"(50, 51)",MALLOWS_2REF-RELPHI-R,Beat Path,50000,0.25642
20,"(50, 51)",MALLOWS_2REF-RELPHI-R,Copeland,50000,0.17176
20,"(50, 51)",MALLOWS_2REF-RELPHI-R,GETCHA,50000,0.6308
20,"(50, 51)",MALLOWS_2REF-RELPHI-R,Uncovered Set,50000,0.6308
20,"(100, 101)",MALLOWS_2REF-RELPHI-R,Split Cycle,50000,0.3951
20,"(100, 101)",MALLOWS_2REF-RELPHI-R,Beat Path,50000,0.19062
20,"(100, 101)",MALLOWS_2REF-RELPHI-R,Copeland,50000,0.16982
20,"(100, 101)",MALLOWS_2REF-RELPHI-R,GETCHA,50000,0.61546
20,"(100, 101)",MALLOWS_2REF-RELPHI-R,Uncovered Set,50000,0.61546
20,"(500, 501)",MALLOWS_2REF-RELPHI-R,Split Cycle,50000,0.32992
20,"(500, 501)",MALLOWS_2REF-RELPHI-R,Beat Path,50000,0.09826
20,"(500, 501)",MALLOWS_2REF-RELPHI-R,Copeland,50000,0.1774
20,"(500, 501)",MALLOWS_2REF-RELPHI-R,GETCHA,50000,0.59608
20,"(500, 501)",MALLOWS_2REF-RELPHI-R,Uncovered Set,50000,0.59608
20,"(1000, 1001)",MALLOWS_2REF-RELPHI-R,Split Cycle,50000,0.30428
20,"(1000, 1001)",MALLOWS_2REF-RELPHI-R,Beat Path,50000,0.06744
20,"(1000, 1001)",MALLOWS_2REF-RELPHI-R,Copeland,50000,0.18448
20,"(1000, 1001)",MALLOWS_2REF-RELPHI-R,GETCHA,50000,0.58848
20,"(1000, 1001)",MALLOWS_2REF-RELPHI-R,Uncovered Set,50000,0.58848
20,"(5000, 5001)",MALLOWS_2REF-RELPHI-R,Split Cycle,50000,0.2797
20,"(5000, 5001)",MALLOWS_2REF-RELPHI-R,Beat Path,50000,0.0307
20,"(5000, 5001)",MALLOWS_2REF-RELPHI-R,Copeland,50000,0.19258
20,"(5000, 5001)",MALLOWS_2REF-RELPHI-R,GETCHA,50000,0.57164
20,"(5000, 5001)",MALLOWS_2REF-RELPHI-R,Uncovered Set,50000,0.57164
30,"(4, 5)",MALLOWS_2REF-RELPHI-R,Split Cycle,50000,0.64208
30,"(4, 5)",MALLOWS_2REF-RELPHI-R,Beat Path,50000,0.60528
30,"(4, 5)",MALLOWS_2REF-RELPHI-R,Copeland,50000,0.16708
30,"(4, 5)",MALLOWS_2REF-RELPHI-R,GETCHA,50000,0.70538
30,"(4, 5)",MALLOWS_2REF-RELPHI-R,Uncovered Set,50000,0.70538
30,"(10, 11)",MALLOWS_2REF-RELPHI-R,Split Cycle,50000,0.62066
30,"(10, 11)",MALLOWS_2REF-RELPHI-R,Beat Path,50000,0.4791
30,"(10, 11)",MALLOWS_2REF-RELPHI-R,Copeland,50000,0.16678
30,"(10, 11)",MALLOWS_2REF-RELPHI-R,GETCHA,50000,0.72222
30,"(10, 11)",MALLOWS_2REF-RELPHI-R,Uncovered Set,50000,0.72222
30,"(20, 21)",MALLOWS_2REF-RELPHI-R,Split Cycle,50000,0.58222
30,"(20, 21)",MALLOWS_2REF-RELPHI-R,Beat Path,50000,0.39322
30,"(20, 21)",MALLOWS_2REF-RELPHI-R,Copeland,50000,0.16272
30,"(20, 21)",MALLOWS_2REF-RELPHI-R,GETCHA,50000,0.71896
30,"(20, 21)",MALLOWS_2REF-RELPHI-R,Uncovered Set,50000,0.71896
30,"(50, 51)",MALLOWS_2REF-RELPHI-R,Split Cycle,50000,0.52462
30,"(50, 51)",MALLOWS_2REF-RELPHI-R,Beat Path,50000,0.2892
30,"(50, 51)",MALLOWS_2REF-RELPHI-R,Copeland,50000,0.16024
30,"(50, 51)",MALLOWS_2REF-RELPHI-R,GETCHA,50000,0.70372
30,"(50, 51)",MALLOWS_2REF-RELPHI-R,Uncovered Set,50000,0.70372
30,"(100, 101)",MALLOWS_2REF-RELPHI-R,Split Cycle,50000,0.48654
30,"(100, 101)",MALLOWS_2REF-RELPHI-R,Beat Path,50000,0.21914
30,"(100, 101)",MALLOWS_2REF-RELPHI-R,Copeland,50000,0.1618
30,"(100, 101)",MALLOWS_2REF-RELPHI-R,GETCHA,50000,0.69402
30,"(100, 101)",MALLOWS_2REF-RELPHI-R,Uncovered Set,50000,0.69402
30,"(500, 501)",MALLOWS_2REF-RELPHI-R,Split Cycle,50000,0.41866
30,"(500, 501)",MALLOWS_2REF-RELPHI-R,Beat Path,50000,0.1077
30,"(500, 501)",MALLOWS_2REF-RELPHI-R,Copeland,50000,0.17072
30,"(500, 501)",MALLOWS_2REF-RELPHI-R,GETCHA,50000,0.67468
30,"(500, 501)",MALLOWS_2REF-RELPHI-R,Uncovered Set,50000,0.67468
30,"(1000, 1001)",MALLOWS_2REF-RELPHI-R,Split Cycle,50000,0.39836
30,"(1000, 1001)",MALLOWS_2REF-RELPHI-R,Beat Path,50000,0.07686
30,"(1000, 1001)",MALLOWS_2REF-RELPHI-R,Copeland,50000,0.17028
30,"(1000, 1001)",MALLOWS_2REF-RELPHI-R,GETCHA,50000,0.66534
30,"(1000, 1001)",MALLOWS_2REF-RELPHI-R,Uncovered Set,50000,0.66534
30,"(5000, 5001)",MALLOWS_2REF-RELPHI-R,Split Cycle,50000,0.37198
30,"(5000, 5001)",MALLOWS_2REF-RELPHI-R,Beat Path,50000,0.03572
30,"(5000, 5001)",MALLOWS_2REF-RELPHI-R,Copeland,50000,0.18392
30,"(5000, 5001)",MALLOWS_2REF-RELPHI-R,GETCHA,50000,0.65682
30,"(5000, 5001)",MALLOWS_2REF-RELPHI-R,Uncovered Set,50000,0.65682
